hk_geb;uk_geb;typ_18599;nr_18599;typ_sia2024;nr_sia2024;typ_mza;nr_mza;gain_per_person_18599;gain_per_person_sia2024;gain_per_person_mza;appliance_gains_tief_18599;appliance_gains_mittel_18599;appliance_gains_hoch_18599;appliance_gains_ziel_sia2024;appliance_gains_standard_sia2024;appliance_gains_bestand_sia2024;appliance_gains_tief_mza;appliance_gains_mittel_mza;appliance_gains_hoch_mza;usage_start_18599;usage_end_18599;usage_start_sia2024;usage_end_sia2024;usage_start_mza;usage_end_mza
Büro-, Verwaltungs- oder Amtsgebäude;Parlaments- oder Gerichtsgebäude;Gruppenbüro (2 bis 6 Arbeitsplätze);2.0;Einzel-, Gruppenbüro;3.1;Parlaments- oder Gerichtsgebäude;2;70;70;22.22264790980744;2.8;7.1;15.0;3.0;7;15.0;32.67289234760051;32.67289234760051;32.67289234760051;7;18;7;18;6.9871495560211505;18.048927466826296
Büro-, Verwaltungs- oder Amtsgebäude;Öffentliches Verwaltungs- oder Ämtergebäude, Rathaus;Gruppenbüro (2 bis 6 Arbeitsplätze);2.0;Einzel-, Gruppenbüro;3.1;Öffentliches Verwaltungs- oder Ämtergebäude, Rathaus;3;70;70;28.508190535884545;2.8;7.1;15.0;3.0;7;15.0;38.197156539659595;38.197156539659595;38.197156539659595;7;18;7;18;7.059232185973092;18.165505538220042
Büro-, Verwaltungs- oder Amtsgebäude;Bürogebäude;Gruppenbüro (2 bis 6 Arbeitsplätze);2.0;Einzel-, Gruppenbüro;3.1;Bürogebäude;4;70;70;32.92560152224406;2.8;7.1;15.0;3.0;7;15.0;66.12012333939234;66.12012333939234;66.12012333939234;7;18;7;18;6.821891837150124;18.28071156553103
Büro-, Verwaltungs- oder Amtsgebäude;Rundfunk- oder Fernsehanstalt;Gruppenbüro (2 bis 6 Arbeitsplätze);2.0;Einzel-, Gruppenbüro;3.1;Rundfunk- oder Fernsehanstalt;5;70;70;32.92560152224406;2.8;7.1;15.0;3.0;7;15.0;66.12012333939234;66.12012333939234;66.12012333939234;7;18;7;18;6.821891837150124;18.28071156553103
Büro-, Verwaltungs- oder Amtsgebäude;Polizeipräsidium oder -station, Bürogebäude sonstiger Bereitschaftsdienste;Großraumbüro (ab 7 Arbeitsplätze);3.0;Großraumbüro;3.2;Polizeipräsidium oder -station, Bürogebäude sonstiger Bereitschaftsdienste;6;70;70;30.754063561692025;4.2;10.0;18.8;4.0;10;19.0;42.886379666445244;42.886379666445244;42.886379666445244;7;18;7;18;6.52924656529599;18.35277781653627
Gebäude für Forschung und Hochschullehre;Hörsaalgebäude;Hörsaal, Auditorium;9.0;Hörsaal;4.4;Hörsaalgebäude;8;70;70;93.15745180624982;2.0;4.0;6.0;2.0;4;6.0;17.581380475969695;17.581380475969695;17.581380475969695;8;18;7;18;7.167727255448192;18.02778503438599
Gebäude für Forschung und Hochschullehre;Verwaltungs- oder Seminargebäude;Gruppenbüro (2 bis 6 Arbeitsplätze);2.0;Großraumbüro;3.2;Verwaltungs- oder Seminargebäude;9;70;70;47.56116568569144;2.8;7.1;15.0;4.0;10;19.0;44.65433440659543;44.65433440659543;44.65433440659543;7;18;7;18;7.086483049978468;18.026455568999815
Gebäude für Forschung und Hochschullehre;Institutsgebäude für Forschung und Lehre (Labor mit geringen Anforderungen an die Raumlufttechnik, z.B. Medizin, Informatik);Labor;36.0;Laborraum;9.3;Institutsgebäude für Forschung und Lehre (Labor mit geringen Anforderungen an die Raumlufttechnik, z.B. Medizin, Informatik);10;90;70;61.793723338476994;6.0;18.0;63.0;15.0;20;25.0;37.60977507089571;37.60977507089571;37.60977507089571;7;18;7;18;7.113391188955541;18.015316747262244
Gebäude für Forschung und Hochschullehre;Institutsgebäude für Forschung und Lehre (Labor mit hohen Anforderungen an die Raumlufttechnik, z.B. Chemie, Tierforschung);Labor;36.0;Laborraum;9.3;Institutsgebäude für Forschung und Lehre (Labor mit hohen Anforderungen an die Raumlufttechnik, z.B. Chemie, Tierforschung);11;90;70;25.695407741753478;6.0;18.0;63.0;15.0;20;25.0;48.604590243214375;48.604590243214375;48.604590243214375;7;18;7;18;6.998770830394744;17.925242307614806
Gebäude für Forschung und Hochschullehre;Bürogebäude von Forschungsanstalten ohne Lehre;Gruppenbüro (2 bis 6 Arbeitsplätze);2.0;Einzel-, Gruppenbüro;3.1;Bürogebäude von Forschungsanstalten ohne Lehre;12;70;70;32.65484088832386;2.8;7.1;15.0;3.0;7;15.0;50.52067855865877;50.52067855865877;50.52067855865877;7;18;7;18;6.789559413610902;18.20285248897541
Gebäude für Forschung und Hochschullehre;Laborgebäude von Forschungsanstalten und Unternehmen (Labor mit geringen Anforderungen an die Raumlufttechnik);Labor;36.0;Laborraum;9.3;Laborgebäude von Forschungsanstalten und Unternehmen (Labor mit geringen Anforderungen an die Raumlufttechnik);13;90;70;25.040255129670857;6.0;18.0;63.0;15.0;20;25.0;56.707784262992156;56.707784262992156;56.707784262992156;7;18;7;18;6.981085905690273;17.962452614477407
Gebäude für Forschung und Hochschullehre;Laborgebäude von Forschungsanstalten und Unternehmen (Labor mit hohen Anforderungen an die Raumlufttechnik);Labor;36.0;Laborraum;9.3;Laborgebäude von Forschungsanstalten und Unternehmen (Labor mit hohen Anforderungen an die Raumlufttechnik);14;90;70;25.040255129670857;6.0;18.0;63.0;15.0;20;25.0;56.707784262992156;56.707784262992156;56.707784262992156;7;18;7;18;6.981085905690273;17.962452614477407
Gebäude für Gesundheit und Pflege;Hochschulklinik;Bettenzimmer (Zweibettzimmer im Krankenhaus, Pflegeheim);10.0;Bettenzimmer;8.1;Hochschulklinik;16;70;70;45.968572910463536;2.0;4.0;6.0;2.0;4;6.0;25.24920759936224;25.24920759936224;25.24920759936224;0;24;0;24;6.539792919299999;18.84042491883897
Gebäude für Gesundheit und Pflege;Krankenhaus;Bettenzimmer (Zweibettzimmer im Krankenhaus, Pflegeheim);10.0;Bettenzimmer;8.1;Krankenhaus;17;70;70;50.36189584198415;2.0;4.0;6.0;2.0;4;6.0;27.180556761347475;27.180556761347475;27.180556761347475;0;24;0;24;4.9497241954301465;20.023564156446067
Gebäude für Gesundheit und Pflege;Gebäude für teilstationäre Versorgung (z.B. Tagesklinik, Geburtshaus);Bettenzimmer (Zweibettzimmer im Krankenhaus, Pflegeheim);10.0;Bettenzimmer;8.1;Gebäude für teilstationäre Versorgung (z.B. Tagesklinik, Geburtshaus);18;70;70;43.983233957140335;2.0;4.0;6.0;2.0;4;6.0;23.236239840998095;23.236239840998095;23.236239840998095;0;24;0;24;7.228171674833227;18.33888265737844
Gebäude für Gesundheit und Pflege;Rehabilitation;Fitnessraum (Untersuchungs- und Behandlungsräume);37.0;Fitnessraum;11.2;Rehabilitation;19;70;120;57.156288063337385;4.0;7.0;10.0;1.0;2;3.0;31.29579019488428;31.29579019488428;31.29579019488428;7;18;7;23;5.609584348355662;19.230854141291104
Gebäude für Gesundheit und Pflege;Kur und Genesung;Bettenzimmer (Zweibettzimmer im Krankenhaus, Pflegeheim);10.0;Bettenzimmer;8.1;Kur und Genesung;20;70;70;48.93405218985625;2.0;4.0;6.0;2.0;4;6.0;39.86167760257246;39.86167760257246;39.86167760257246;0;24;0;24;6.1522870398217;18.03415916442171
Gebäude für Gesundheit und Pflege;Medizinisches Versorgungszentrum, Ärztehaus;Arztpraxen und theratpeutische Praxen;40.0;Behandlungsraum;8.3;Medizinisches Versorgungszentrum, Ärztehaus;21;70;70;43.983233957140335;3.0;5.0;7.0;10.0;20;30.0;23.236239840998095;23.236239840998095;23.236239840998095;8;18;7;18;7.228171674833227;18.33888265737844
Gebäude für Gesundheit und Pflege;Arztpraxis;Arztpraxen und theratpeutische Praxen;40.0;Behandlungsraum;8.3;Arztpraxis;22;70;70;43.983233957140335;3.0;5.0;7.0;10.0;20;30.0;23.236239840998095;23.236239840998095;23.236239840998095;8;18;7;18;7.228171674833227;18.33888265737844
Gebäude für Gesundheit und Pflege;Notfallpraxis;Arztpraxen und theratpeutische Praxen;40.0;Behandlungsraum;8.3;Notfallpraxis;23;70;70;43.983233957140335;3.0;5.0;7.0;10.0;20;30.0;23.236239840998095;23.236239840998095;23.236239840998095;8;18;7;18;7.228171674833227;18.33888265737844
Gebäude für Gesundheit und Pflege;Altenheim/Altenpflegeheim (ohne eigene Haushaltsführung der Bewohner/innen);Bettenzimmer (Zweibettzimmer im Krankenhaus, Pflegeheim);10.0;Bettenzimmer;8.1;Altenheim/Altenpflegeheim (ohne eigene Haushaltsführung der Bewohner/innen);24;70;70;49.153866254670575;2.0;4.0;6.0;2.0;4;6.0;23.589680380616716;23.589680380616716;23.589680380616716;0;24;0;24;6.301090410258394;19.006523747273626
Gebäude für Gesundheit und Pflege;Pflegeheim für Behinderte (ohne eigene Haushaltsführung der Bewohner/innen);Bettenzimmer (Zweibettzimmer im Krankenhaus, Pflegeheim);10.0;Bettenzimmer;8.1;Pflegeheim für Behinderte (ohne eigene Haushaltsführung der Bewohner/innen);25;70;70;49.153866254670575;2.0;4.0;6.0;2.0;4;6.0;23.589680380616716;23.589680380616716;23.589680380616716;0;24;0;24;6.301090410258394;19.006523747273626
Gebäude für Gesundheit und Pflege;Psychiatrische Pflegeheim (ohne eigene Haushaltsführung der Bewohner/innen);Bettenzimmer (Zweibettzimmer im Krankenhaus, Pflegeheim);10.0;Bettenzimmer;8.1;Psychiatrische Pflegeheim (ohne eigene Haushaltsführung der Bewohner/innen);26;70;70;49.153866254670575;2.0;4.0;6.0;2.0;4;6.0;23.589680380616716;23.589680380616716;23.589680380616716;0;24;0;24;6.301090410258394;19.006523747273626
Gebäude für Gesundheit und Pflege;Tagespflegeeinrichtung;Bettenzimmer (Zweibettzimmer im Krankenhaus, Pflegeheim);10.0;Bettenzimmer;8.1;Tagespflegeeinrichtung;27;70;70;49.153866254670575;2.0;4.0;6.0;2.0;4;6.0;23.589680380616716;23.589680380616716;23.589680380616716;0;24;0;24;6.301090410258394;19.006523747273626
Gebäude für Gesundheit und Pflege;Hospiz;Bettenzimmer (Zweibettzimmer im Krankenhaus, Pflegeheim);10.0;Bettenzimmer;8.1;Hospiz;28;70;70;49.153866254670575;2.0;4.0;6.0;2.0;4;6.0;23.589680380616716;23.589680380616716;23.589680380616716;0;24;0;24;6.301090410258394;19.006523747273626
Schule, Kindertagesstätte und sonstiges Betreuungsgebäude;Schule, allgemein;Klassenzimmer (Schule), Gruppenraum (Kindergarten);8.0;Schulzimmer;4.1;Schule, allgemein;30;60;70;56.76284032989427;2.0;4.0;6.0;2.0;4;6.0;29.041432081421693;29.041432081421693;29.041432081421693;8;15;7;18;7.454448715104797;16.98675064318738
Schule, Kindertagesstätte und sonstiges Betreuungsgebäude;Ganztagesschule;Klassenzimmer (Schule), Gruppenraum (Kindergarten);8.0;Schulzimmer;4.1;Ganztagesschule;31;60;70;44.479819778091255;2.0;4.0;6.0;2.0;4;6.0;33.80967218982252;33.80967218982252;33.80967218982252;8;15;7;18;7.379960839631979;18.08758447901973
Schule, Kindertagesstätte und sonstiges Betreuungsgebäude;Internatsschule;Klassenzimmer (Schule), Gruppenraum (Kindergarten);8.0;Schulzimmer;4.1;Internatsschule;32;60;70;56.76284032989427;2.0;4.0;6.0;2.0;4;6.0;29.041432081421693;29.041432081421693;29.041432081421693;8;15;7;18;7.454448715104797;16.98675064318738
Schule, Kindertagesstätte und sonstiges Betreuungsgebäude;Förder-, Sonderschule;Klassenzimmer (Schule), Gruppenraum (Kindergarten);8.0;Schulzimmer;4.1;Förder-, Sonderschule;33;60;70;56.76284032989427;2.0;4.0;6.0;2.0;4;6.0;29.041432081421693;29.041432081421693;29.041432081421693;8;15;7;18;7.454448715104797;16.98675064318738
Schule, Kindertagesstätte und sonstiges Betreuungsgebäude;Berufsbildende Schule (gewerblich, wirtschaftlich);Klassenzimmer (Schule), Gruppenraum (Kindergarten);8.0;Schulzimmer;4.1;Berufsbildende Schule (gewerblich, wirtschaftlich);34;60;70;65.50865397128356;2.0;4.0;6.0;2.0;4;6.0;37.656270333579144;37.656270333579144;37.656270333579144;8;15;7;18;7.348197631544701;17.426799115082638
Schule, Kindertagesstätte und sonstiges Betreuungsgebäude;Berufsbildende Schule (mit höherer technischer Ausstattung, z.B. Werkstätten);Klassenzimmer (Schule), Gruppenraum (Kindergarten);8.0;Schulzimmer;4.1;Berufsbildende Schule (mit höherer technischer Ausstattung, z.B. Werkstätten);35;60;70;65.50865397128356;2.0;4.0;6.0;2.0;4;6.0;37.656270333579144;37.656270333579144;37.656270333579144;8;15;7;18;7.348197631544701;17.426799115082638
Schule, Kindertagesstätte und sonstiges Betreuungsgebäude;Berufsakademie, Berufskolleg;Klassenzimmer (Schule), Gruppenraum (Kindergarten);8.0;Schulzimmer;4.1;Berufsakademie, Berufskolleg;36;60;70;65.50865397128356;2.0;4.0;6.0;2.0;4;6.0;37.656270333579144;37.656270333579144;37.656270333579144;8;15;7;18;7.348197631544701;17.426799115082638
Schule, Kindertagesstätte und sonstiges Betreuungsgebäude;Bildungszentrum;Klassenzimmer (Schule), Gruppenraum (Kindergarten);8.0;Schulzimmer;4.1;Bildungszentrum;37;60;70;65.50865397128356;2.0;4.0;6.0;2.0;4;6.0;37.656270333579144;37.656270333579144;37.656270333579144;8;15;7;18;7.348197631544701;17.426799115082638
Schule, Kindertagesstätte und sonstiges Betreuungsgebäude;Ausbildungsstätte;Klassenzimmer (Schule), Gruppenraum (Kindergarten);8.0;Schulzimmer;4.1;Ausbildungsstätte;38;60;70;65.50865397128356;2.0;4.0;6.0;2.0;4;6.0;37.656270333579144;37.656270333579144;37.656270333579144;8;15;7;18;7.348197631544701;17.426799115082638
Schule, Kindertagesstätte und sonstiges Betreuungsgebäude;Volkshochschule;Klassenzimmer (Schule), Gruppenraum (Kindergarten);8.0;Schulzimmer;4.1;Volkshochschule;39;60;70;59.87778958554729;2.0;4.0;6.0;2.0;4;6.0;21.538216300171666;21.538216300171666;21.538216300171666;8;15;7;18;6.477233712090248;16.846153846153847
Schule, Kindertagesstätte und sonstiges Betreuungsgebäude;KiTa;Klassenzimmer (Schule), Gruppenraum (Kindergarten);8.0;Schulzimmer;4.1;KiTa;40;60;70;54.70453578952281;2.0;4.0;6.0;2.0;4;6.0;36.792352409174924;36.792352409174924;36.792352409174924;8;15;7;18;7.510993826009786;17.05966830464621
Schule, Kindertagesstätte und sonstiges Betreuungsgebäude;KiTa mit Küche;Klassenzimmer (Schule), Gruppenraum (Kindergarten);8.0;Schulzimmer;4.1;KiTa mit Küche;41;60;70;54.70453578952281;2.0;4.0;6.0;2.0;4;6.0;36.792352409174924;36.792352409174924;36.792352409174924;8;15;7;18;7.510993826009786;17.05966830464621
Schule, Kindertagesstätte und sonstiges Betreuungsgebäude;Studentenhaus;Wohnen (MFH);43.0;Wohnen MFH;1.1;Studentenhaus;42;80;70;65.36905794030487;4.8;7.2;10.8;4.0;8;10.0;60.656898705888324;60.656898705888324;60.656898705888324;0;24;0;24;2.084944758056207;13.622961187204432
Schule, Kindertagesstätte und sonstiges Betreuungsgebäude;Altentagesstätte;Bettenzimmer (Zweibettzimmer im Krankenhaus, Pflegeheim);10.0;Bettenzimmer;8.1;Altentagesstätte;43;70;70;69.49919478218858;2.0;4.0;6.0;2.0;4;6.0;55.92523552620984;55.92523552620984;55.92523552620984;0;24;0;24;8.336299218938723;18.938139141637812
Schule, Kindertagesstätte und sonstiges Betreuungsgebäude;Jugendzentrum;Besprechung/Sitzungszimmer/Seminar;4.0;Sitzungszimmer;3.3;Jugendzentrum;44;70;70;69.49919478218858;1.0;2.0;3.0;1.0;2;3.0;55.92523552620984;55.92523552620984;55.92523552620984;7;18;9;17;8.336299218938723;18.938139141637812
Gebäude für Kultur und Freizeit;Bibliothek/Archiv (einfach, z.B. Stadtbücherei);Bibliothek - Freihandbereich;29.0;Bibliothek;4.3;Bibliothek/Archiv (einfach, z.B. Stadtbücherei);46;70;70;50.360787524656665;0.0;0.0;0.0;1.0;2;3.0;9.601287729353528;9.601287729353528;9.601287729353528;8;20;7;18;7.496408500502436;18.848673192154525
Gebäude für Kultur und Freizeit;Bibliothek/Archiv (höher technisiert, z.B. Unibibliothek);Bibliothek - Lesesaal;28.0;Bibliothek;4.3;Bibliothek/Archiv (höher technisiert, z.B. Unibibliothek);47;70;70;50.360787524656665;0.0;0.0;0.0;1.0;2;3.0;9.601287729353528;9.601287729353528;9.601287729353528;8;20;7;18;7.496408500502436;18.848673192154525
Gebäude für Kultur und Freizeit;Ausstellungsgebäude (Museen, Galerien);Ausstellungsräume, Museum;27.0;Ausstellungshalle;7.3;Ausstellungsgebäude (Museen, Galerien);48;70;70;38.44418075744091;0.0;0.0;0.0;3.0;7;15.0;13.166221694848211;13.166221694848211;13.166221694848211;10;18;7;23;8.600118659151587;18.419262335607627
Gebäude für Kultur und Freizeit;Oper, Theater und Veranstaltungshalle, Kino, Konferenzzentrum;Bühne (Theater, Veranstaltungsbauten);25.0;Vorstellungsraum;7.1;Oper, Theater und Veranstaltungshalle, Kino, Konferenzzentrum;49;70;70;61.084278055442695;0.0;0.0;0.0;1.0;2;3.0;36.42225001828841;36.42225001828841;36.42225001828841;13;23;12;24;9.404298300554293;19.33923644253597
Gebäude für Kultur und Freizeit;Freizeit-, Gemeinschafts-, Bürgerhaus;Besprechung/Sitzungszimmer/Seminar;4.0;Sitzungszimmer;3.3;Freizeit-, Gemeinschafts-, Bürgerhaus;50;70;70;69.49919478218858;1.0;2.0;3.0;1.0;2;3.0;55.92523552620984;55.92523552620984;55.92523552620984;7;18;9;17;8.336299218938723;18.938139141637812
Gebäude für Kultur und Freizeit;Spielkasino, -bank, -halle;Besprechung/Sitzungszimmer/Seminar;4.0;Ausstellungshalle;7.3;Spielkasino, -bank, -halle;51;70;70;69.49919478218858;1.0;2.0;3.0;3.0;7;15.0;55.92523552620984;55.92523552620984;55.92523552620984;7;18;7;23;8.336299218938723;18.938139141637812
Sportgebäude;Einfeldhalle;Turnhalle (ohne Zuschauerbereich);31.0;Turnhalle;11.1;Einfeldhalle;53;125;120;45.00890597915961;0.0;0.0;0.0;0.0;0;0.0;10.869996612938573;10.869996612938573;10.869996612938573;8;23;7;23;7.705006873742304;20.98545555976171
Sportgebäude;Mehrfeldhalle;Turnhalle (ohne Zuschauerbereich);31.0;Turnhalle;11.1;Mehrfeldhalle;54;125;120;45.00890597915961;0.0;0.0;0.0;0.0;0;0.0;10.869996612938573;10.869996612938573;10.869996612938573;8;23;7;23;7.705006873742304;20.98545555976171
Sportgebäude;Gymnastikhalle;Turnhalle (ohne Zuschauerbereich);31.0;Turnhalle;11.1;Gymnastikhalle;55;125;120;55.84009173873773;0.0;0.0;0.0;0.0;0;0.0;11.151779822141952;11.151779822141952;11.151779822141952;8;23;7;23;7.702475690387539;20.794552947396557
Sportgebäude;Sporthalle mit Mehrzwecknutzung;Turnhalle (ohne Zuschauerbereich);31.0;Mehrzweckhalle;7.2;Sporthalle mit Mehrzwecknutzung;56;125;70;55.84009173873773;0.0;0.0;0.0;2.0;4;6.0;11.151779822141952;11.151779822141952;11.151779822141952;8;23;7;23;7.702475690387539;20.794552947396557
Sportgebäude;Hallenbad;Turnhalle (ohne Zuschauerbereich);31.0;Schwimmhalle;11.3;Hallenbad;57;125;70;56.33509073543458;0.0;0.0;0.0;1.0;2;3.0;44.41104106972302;44.41104106972302;44.41104106972302;8;23;7;23;7.684164278892073;20.23251193887297
Sportgebäude;Spaß- und Freizeitbad;Turnhalle (ohne Zuschauerbereich);31.0;Schwimmhalle;11.3;Spaß- und Freizeitbad;58;125;70;56.33509073543458;0.0;0.0;0.0;1.0;2;3.0;44.41104106972302;44.41104106972302;44.41104106972302;8;23;7;23;7.684164278892073;20.23251193887297
Sportgebäude;Thermalbad;Turnhalle (ohne Zuschauerbereich);31.0;Schwimmhalle;11.3;Thermalbad;59;125;70;56.33509073543458;0.0;0.0;0.0;1.0;2;3.0;44.41104106972302;44.41104106972302;44.41104106972302;8;23;7;23;7.684164278892073;20.23251193887297
Sportgebäude;Hallenbad mit Freibadanlage;Turnhalle (ohne Zuschauerbereich);31.0;Schwimmhalle;11.3;Hallenbad mit Freibadanlage;60;125;70;56.33509073543458;0.0;0.0;0.0;1.0;2;3.0;44.41104106972302;44.41104106972302;44.41104106972302;8;23;7;23;7.684164278892073;20.23251193887297
Sportgebäude;Kegelbahn/Bowling;Turnhalle (ohne Zuschauerbereich);31.0;Turnhalle;11.1;Kegelbahn/Bowling;61;125;120;55.84009173873773;0.0;0.0;0.0;0.0;0;0.0;11.151779822141952;11.151779822141952;11.151779822141952;8;23;7;23;7.702475690387539;20.794552947396557
Sportgebäude;Schießstand;Turnhalle (ohne Zuschauerbereich);31.0;Lagerhalle;10.1;Schießstand;62;125;90;55.84009173873773;0.0;0.0;0.0;0.0;0;0.0;11.151779822141952;11.151779822141952;11.151779822141952;8;23;0;24;7.702475690387539;20.794552947396557
Sportgebäude;Raumschießanlage;Turnhalle (ohne Zuschauerbereich);31.0;Lagerhalle;10.1;Raumschießanlage;63;125;90;55.84009173873773;0.0;0.0;0.0;0.0;0;0.0;11.151779822141952;11.151779822141952;11.151779822141952;8;23;0;24;7.702475690387539;20.794552947396557
Sportgebäude;Reithalle;Lagerhallen, Logistikhallen;41.0;Lagerhalle;10.1;Reithalle;64;70;90;7.912072597634096;0.0;0.0;0.0;0.0;0;0.0;20.636914600550966;20.636914600550966;20.636914600550966;0;24;0;24;2.4412736995624704;21.812980068060284
Sportgebäude;Eissporthalle;Lagerhallen, Logistikhallen;41.0;Lagerhalle;10.1;Eissporthalle;65;70;90;7.912072597634096;0.0;0.0;0.0;0.0;0;0.0;20.636914600550966;20.636914600550966;20.636914600550966;0;24;0;24;2.4412736995624704;21.812980068060284
Sportgebäude;Tennishalle;Turnhalle (ohne Zuschauerbereich);31.0;Turnhalle;11.1;Tennishalle;66;125;120;55.84009173873773;0.0;0.0;0.0;0.0;0;0.0;11.151779822141952;11.151779822141952;11.151779822141952;8;23;7;23;7.702475690387539;20.794552947396557
Sportgebäude;Fitnessstudio;Fitnessraum;35.0;Fitnessraum;11.2;Fitnessstudio;67;110;120;157.8292714713932;1.0;2.0;3.0;1.0;2;3.0;72.10478300534342;72.10478300534342;72.10478300534342;8;23;7;23;7.710152482731656;20.94369868369608
Sportgebäude;Gebäude für Sportaußenanlage (Tribünen-, Umkleidegebäude);Sonstige Aufenthaltsräume (Garderobe, Teeküche, Lager, Archiv, Flur);18.0;Garderobe, Dusche;12.8;Gebäude für Sportaußenanlage (Tribünen-, Umkleidegebäude);68;70;70;59.274012231822155;0.0;0.0;0.0;0.0;0;0.0;49.69734977186681;49.69734977186681;49.69734977186681;7;18;7;18;7.038248713717113;18.781341617318706
Beherbergungs- oder Unterbringungsgebäude, Gastronomie- oder Verpflegungsgebäude;Herberge, Ferienheim, Ferienhaus, Hotel/Pension einfach;Hotelzimmer (Doppelzimmer);11.0;Hotelzimmer;2.1;Herberge, Ferienheim, Ferienhaus, Hotel/Pension einfach;70;70;70;65.36905794030487;2.0;4.0;6.0;4.0;8;10.0;60.656898705888324;60.656898705888324;60.656898705888324;21;8;17;12;2.084944758056207;13.622961187204432
Beherbergungs- oder Unterbringungsgebäude, Gastronomie- oder Verpflegungsgebäude;Sterne-Hotel;Hotelzimmer (Doppelzimmer);11.0;Hotelzimmer;2.1;Sterne-Hotel;71;70;70;62.58728189595449;2.0;4.0;6.0;4.0;8;10.0;81.7273034848314;81.7273034848314;81.7273034848314;21;8;17;12;2.3159709355717024;13.650501860832296
Beherbergungs- oder Unterbringungsgebäude, Gastronomie- oder Verpflegungsgebäude;Ausschankwirtschaft;Kantine (Restaurant);13.0;Restaurant;6.1;Ausschankwirtschaft;72;70;70;124.253510062373;1.0;2.0;3.0;1.0;2;3.0;183.82744625385604;183.82744625385604;183.82744625385604;10;24;8;24;8.692151915522892;21.147192857063317
Beherbergungs- oder Unterbringungsgebäude, Gastronomie- oder Verpflegungsgebäude;Speisegaststätte (einfach);Kantine (Restaurant);13.0;Restaurant;6.1;Speisegaststätte (einfach);73;70;70;124.253510062373;1.0;2.0;3.0;1.0;2;3.0;183.82744625385604;183.82744625385604;183.82744625385604;10;24;8;24;8.692151915522892;21.147192857063317
Beherbergungs- oder Unterbringungsgebäude, Gastronomie- oder Verpflegungsgebäude;Restaurant (gehoben);Kantine (Restaurant);13.0;Restaurant;6.1;Restaurant (gehoben);74;70;70;124.253510062373;1.0;2.0;3.0;1.0;2;3.0;183.82744625385604;183.82744625385604;183.82744625385604;10;24;8;24;8.692151915522892;21.147192857063317
Beherbergungs- oder Unterbringungsgebäude, Gastronomie- oder Verpflegungsgebäude;Mensa/Kantine;Kantine (Kantine);12.0;Selbstbedienungsrestaurant;6.2;Mensa/Kantine;75;70;70;88.9305915602768;1.0;2.0;3.0;1.0;2;3.0;184.75782087515842;184.75782087515842;184.75782087515842;8;15;8;15;7.926128057694184;17.548582009550728
Beherbergungs- oder Unterbringungsgebäude, Gastronomie- oder Verpflegungsgebäude;Gemeinschaftsunterkunft (z.B. Flüchtlingsheim, Kaserne, Kloster);Wohnen (MFH);43.0;Wohnen MFH;1.1;Gemeinschaftsunterkunft (z.B. Flüchtlingsheim, Kaserne, Kloster);76;80;70;65.36905794030487;4.8;7.2;10.8;4.0;8;10.0;60.656898705888324;60.656898705888324;60.656898705888324;0;24;0;24;2.084944758056207;13.622961187204432
Beherbergungs- oder Unterbringungsgebäude, Gastronomie- oder Verpflegungsgebäude;Sonstige Gebäudefunktion;Sonstige Aufenthaltsräume (Pausenraum, Wartezimmer);17.0;Nebenraum;12.4;Beherbergungs- oder Unterbringungsgebäude, Gastronomie- oder Verpflegungsgebäude;69;70;70;87.5646277048901;1.0;2.0;3.0;0.0;0;0.0;115.09054353382174;115.09054353382174;115.09054353382174;7;18;6;19;4.680388481853808;16.524331231896404
Produktions-, Werkstatt-, Lager- oder Betriebsgebäude;Gebäude für gewerbliche Produktion und Verarbeitung (z.B. Brauerei, Molkerei, Schlachthof);Gewerbliche und industrielle Hallen (mittelschwere Arbeit, überw. stehende Tätigkeit);22.2;Produktion (grobe Arbeit);9.1;Gebäude für gewerbliche Produktion und Verarbeitung (z.B. Brauerei, Molkerei, Schlachthof);78;100;90;33.944177430365606;25.0;35.0;45.0;5.0;10;15.0;160.2283742202701;160.2283742202701;160.2283742202701;7;16;0;24;6.745859717449287;17.23199686665934
Produktions-, Werkstatt-, Lager- oder Betriebsgebäude;Gebäude für industrielle Produktion und Verarbeitung (z.B. Chemie, Metall, Textilien, Lebensmittel, Holz);Gewerbliche und industrielle Hallen (mittelschwere Arbeit, überw. stehende Tätigkeit);22.2;Produktion (grobe Arbeit);9.1;Gebäude für industrielle Produktion und Verarbeitung (z.B. Chemie, Metall, Textilien, Lebensmittel, Holz);79;100;90;33.944177430365606;25.0;35.0;45.0;5.0;10;15.0;160.2283742202701;160.2283742202701;160.2283742202701;7;16;0;24;6.745859717449287;17.23199686665934
Produktions-, Werkstatt-, Lager- oder Betriebsgebäude;Werkstattgebäude allgemein (z.B. von Handwerksbetrieben wie Klempner, Schlosser, Schreiner);Gewerbliche und industrielle Hallen (mittelschwere Arbeit, überw. stehende Tätigkeit);22.2;Produktion (grobe Arbeit);9.1;Werkstattgebäude allgemein (z.B. von Handwerksbetrieben wie Klempner, Schlosser, Schreiner);80;100;90;33.05408185018699;25.0;35.0;45.0;5.0;10;15.0;138.14812130695236;138.14812130695236;138.14812130695236;7;16;0;24;6.672012487821308;17.533494225924443
Produktions-, Werkstatt-, Lager- oder Betriebsgebäude;Werkstattgebäude zur Wartung, Instandsetzung, Reparatur (von z.B. Kfz);Gewerbliche und industrielle Hallen (mittelschwere Arbeit, überw. stehende Tätigkeit);22.2;Produktion (grobe Arbeit);9.1;Werkstattgebäude zur Wartung, Instandsetzung, Reparatur (von z.B. Kfz);81;100;90;33.05408185018699;25.0;35.0;45.0;5.0;10;15.0;138.14812130695236;138.14812130695236;138.14812130695236;7;16;0;24;6.672012487821308;17.533494225924443
Produktions-, Werkstatt-, Lager- oder Betriebsgebäude;Logistikimmobilie mit Toren bzw. Rampen;Lagerhallen, Logistikhallen;41.0;Lagerhalle;10.1;Logistikimmobilie mit Toren bzw. Rampen;82;70;90;7.912072597634096;0.0;0.0;0.0;0.0;0;0.0;20.636914600550966;20.636914600550966;20.636914600550966;0;24;0;24;2.4412736995624704;21.812980068060284
Produktions-, Werkstatt-, Lager- oder Betriebsgebäude;Sonstiges Gebäude für Lagerung;Lagerhallen, Logistikhallen;41.0;Lagerhalle;10.1;Sonstiges Gebäude für Lagerung;83;70;90;7.912072597634096;0.0;0.0;0.0;0.0;0;0.0;20.636914600550966;20.636914600550966;20.636914600550966;0;24;0;24;2.4412736995624704;21.812980068060284
Produktions-, Werkstatt-, Lager- oder Betriebsgebäude;Feuerwehr, Rettungswache;Großraumbüro (ab 7 Arbeitsplätze);3.0;Großraumbüro;3.2;Feuerwehr, Rettungswache;84;70;70;31.168857790479944;4.2;10.0;18.8;4.0;10;19.0;39.97922538681384;39.97922538681384;39.97922538681384;7;18;7;18;6.37021779836405;18.369350546959694
Produktions-, Werkstatt-, Lager- oder Betriebsgebäude;Straßenmeisterei, Bauhof u.ä.;Lagerhallen, Logistikhallen;41.0;Lagerhalle;10.1;Straßenmeisterei, Bauhof u.ä.;85;70;90;33.05408185018699;0.0;0.0;0.0;0.0;0;0.0;138.14812130695236;138.14812130695236;138.14812130695236;0;24;0;24;6.672012487821308;17.533494225924443
Produktions-, Werkstatt-, Lager- oder Betriebsgebäude;Fuhrpark;Parkhaus (Büro- und Privatnutzung);32.0;Parkhaus;12.9;Fuhrpark;86;70;70;33.05408185018699;0.0;0.0;0.0;0.5;1;2.0;138.14812130695236;138.14812130695236;138.14812130695236;7;18;7;18;6.672012487821308;17.533494225924443
Produktions-, Werkstatt-, Lager- oder Betriebsgebäude;zentrales Wirtschaftsgebäude (z.B. Zentralküche oder -wäscherei in Krankenhaus);Küche (Vorbereitung, Lager);15.0;Küche, Teeküche;12.5;zentrales Wirtschaftsgebäude (z.B. Zentralküche oder -wäscherei in Krankenhaus);87;80;70;33.05408185018699;20.0;30.0;40.0;30.0;40;50.0;138.14812130695236;138.14812130695236;138.14812130695236;10;23;7;18;6.672012487821308;17.533494225924443
Produktions-, Werkstatt-, Lager- oder Betriebsgebäude;Rechenzentrum;Rechenzentrum;21.0;Serverraum;12.12;Rechenzentrum;88;70;70;9.673544963279163;50.0;150.0;500.0;50.0;100;150.0;834.1191914154605;834.1191914154605;834.1191914154605;0;24;7;18;3.778054085926148;20.772602935177176
Handelsgebäude;Handelsgebäude des Lebensmitteleinzel- und -großhandels;Einzelhandel/Kaufhaus (Lebensmittelabteilung mit Kühlprodukten);7.0;Lebensmittelverkauf;5.1;Handelsgebäude des Lebensmitteleinzel- und -großhandels;90;70;70;65.89824133710765;-12.0;-10.0;-8.0;-8.0;-10;-12.0;-48.24201139418405;-48.24201139418405;-48.24201139418405;8;20;7;20;7.691070753236984;19.498821477906297
Handelsgebäude;Handelsgebäude des Non-Food-Einzel- und -Großhandels;Einzelhandel/Kaufhaus;6.0;Fachgeschäft;5.2;Handelsgebäude des Non-Food-Einzel- und -Großhandels;91;70;70;69.73431504887677;1.0;2.0;3.0;1.0;2;3.0;-11.248086196956283;-11.248086196956283;-11.248086196956283;8;20;7;20;7.775338830328201;19.628547668267895
Handelsgebäude;Einkaufszentrum, Shopping-Mall;Schalterhalle;5.0;Schalterhalle, Empfang;3.4;Einkaufszentrum, Shopping-Mall;92;70;70;69.73431504887677;1.5;4.0;9.5;1.5;4;9.5;-11.248086196956283;-11.248086196956283;-11.248086196956283;7;18;7;18;7.775338830328201;19.628547668267895
Handelsgebäude;Markthalle;Einzelhandel/Kaufhaus (Lebensmittelabteilung mit Kühlprodukten);7.0;Lebensmittelverkauf;5.1;Markthalle;93;70;70;65.89824133710765;-12.0;-10.0;-8.0;-8.0;-10;-12.0;-48.24201139418405;-48.24201139418405;-48.24201139418405;8;20;7;20;7.691070753236984;19.498821477906297
Handelsgebäude;Messehalle;Messe/Kongress;26.0;Ausstellungshalle;7.3;Messehalle;94;70;70;61.084278055442695;1.0;2.0;3.0;3.0;7;15.0;36.42225001828841;36.42225001828841;36.42225001828841;13;18;7;23;9.404298300554293;19.33923644253597
Handelsgebäude;von Dienstleistern (z.B. Frisör, Kosmetik) genutztes Ladengebäude;Einzelhandel/Kaufhaus;6.0;Fachgeschäft;5.2;von Dienstleistern (z.B. Frisör, Kosmetik) genutztes Ladengebäude;95;70;70;65.4830885128897;1.0;2.0;3.0;1.0;2;3.0;96.51887453182799;96.51887453182799;96.51887453182799;8;20;7;20;7.60947816728912;19.002160155686827
Technikgebäude (Ver- und Entsorgung);Kraftwerk (Gesamtanlage für Energieversorgung);Großraumbüro (ab 7 Arbeitsplätze);3.0;Großraumbüro;3.2;Kraftwerk (Gesamtanlage für Energieversorgung);97;70;70;36.04845336985717;4.2;10.0;18.8;4.0;10;19.0;518.7199701168644;518.7199701168644;518.7199701168644;7;18;7;18;5.167719098525408;20.05770291182696
Technikgebäude (Ver- und Entsorgung);Gebäude für Lenkung, Steuerung, Überwachung und Nachrichtenübermittlung (z.B. Stellwerk, Leuchtturm);Großraumbüro (ab 7 Arbeitsplätze);3.0;Großraumbüro;3.2;Gebäude für Lenkung, Steuerung, Überwachung und Nachrichtenübermittlung (z.B. Stellwerk, Leuchtturm);98;70;70;9.79516368045265;4.2;10.0;18.8;4.0;10;19.0;904.8649467870134;904.8649467870134;904.8649467870134;7;18;7;18;3.489155328034488;21.0092954331133
Technikgebäude (Ver- und Entsorgung);Gebäude für Energieversorgung (z.B. Fernheizwerk, Tankstelle);Großraumbüro (ab 7 Arbeitsplätze);3.0;Großraumbüro;3.2;Gebäude für Energieversorgung (z.B. Fernheizwerk, Tankstelle);99;70;70;36.04845336985717;4.2;10.0;18.8;4.0;10;19.0;518.7199701168644;518.7199701168644;518.7199701168644;7;18;7;18;5.167719098525408;20.05770291182696
Technikgebäude (Ver- und Entsorgung);Gebäude für Wasserversorgung;Großraumbüro (ab 7 Arbeitsplätze);3.0;Großraumbüro;3.2;Gebäude für Wasserversorgung;100;70;70;36.04845336985717;4.2;10.0;18.8;4.0;10;19.0;518.7199701168644;518.7199701168644;518.7199701168644;7;18;7;18;5.167719098525408;20.05770291182696
Technikgebäude (Ver- und Entsorgung);Gebäude für Abwasserbehandlung;Großraumbüro (ab 7 Arbeitsplätze);3.0;Großraumbüro;3.2;Gebäude für Abwasserbehandlung;101;70;70;36.04845336985717;4.2;10.0;18.8;4.0;10;19.0;518.7199701168644;518.7199701168644;518.7199701168644;7;18;7;18;5.167719098525408;20.05770291182696
Technikgebäude (Ver- und Entsorgung);Gebäude für Abfallbehandlung;Großraumbüro (ab 7 Arbeitsplätze);3.0;Großraumbüro;3.2;Gebäude für Abfallbehandlung;102;70;70;36.04845336985717;4.2;10.0;18.8;4.0;10;19.0;518.7199701168644;518.7199701168644;518.7199701168644;7;18;7;18;5.167719098525408;20.05770291182696
Verkehrsgebäude;Park-/Garagengebäude, Fahrradparkhaus;Parkhaus (öffentliche Nutzung);33.0;Parkhaus;12.9;Park-/Garagengebäude, Fahrradparkhaus;104;70;70;7.912072597634096;0.0;0.0;0.0;0.5;1;2.0;20.636914600550966;20.636914600550966;20.636914600550966;9;24;7;18;2.4412736995624704;21.812980068060284
Verkehrsgebäude;Halle für sonstige Verkehrsmittel (z.B. für Flugzeuge, Schienenfahrzeuge);Verkehrsfläche (Flur);19.0;Verkehrsfläche;12.1;Halle für sonstige Verkehrsmittel (z.B. für Flugzeuge, Schienenfahrzeuge);105;70;70;7.912072597634096;0.0;0.0;0.0;0.0;0;0.0;20.636914600550966;20.636914600550966;20.636914600550966;7;18;6;19;2.4412736995624704;21.812980068060284
Verkehrsgebäude;Gebäude zur Pflege von Fahrzeugen (z.B. Waschstraße);Lagerhallen, Logistikhallen;41.0;Lagerhalle;10.1;Gebäude zur Pflege von Fahrzeugen (z.B. Waschstraße);106;70;90;36.04845336985717;0.0;0.0;0.0;0.0;0;0.0;518.7199701168644;518.7199701168644;518.7199701168644;0;24;0;24;5.167719098525408;20.05770291182696
Verkehrsgebäude;Empfangsgebäude (Bahnhof, Busbahnhof, Flughafen, Schiffsterminal);Schalterhalle;5.0;Schalterhalle, Empfang;3.4;Empfangsgebäude (Bahnhof, Busbahnhof, Flughafen, Schiffsterminal);107;70;70;77.62639892803895;1.5;4.0;9.5;1.5;4;9.5;11.116273803008287;11.116273803008287;11.116273803008287;7;18;7;18;7.444448638345254;18.967595825391136
